日期,合约编码,交易代码,执行价,开盘价,最高价,最低价,收盘价,成交量,持仓量,成交额,合约单位,到期日,标的代码,标的收盘价,Delta,Theta,Gamma,Vega,Rho,hv10,hv20,hv30,hv60,hv90,hv120,hv150,hv180,连续标志,期货代码,期货收盘
20171114,10001051.SH,510050C1711M03100,3.1,0.0003,0.0008,0.0002,0.0003,5483.0,2321.0,24488.0,10000,20171122,510050.SH,2.913,0.011,-0.052,0.368,0.012,0.001,0.0874030001393,0.0959137665211,0.0871175995645,0.0910930775549,0.106559083504,0.114791986423,0.108283788286,0.104100022708,L1,IH1711,2862.8
20171115,10001051.SH,510050C1711M03100,3.1,0.0002,0.0005,0.0002,0.0003,1564.0,2952.0,6257.0,10000,20171122,510050.SH,2.901,0.008,-0.045,0.275,0.009,0.0,0.0890951473854,0.0958943764392,0.0846303156244,0.091085348987,0.103892739271,0.114787817278,0.108493248644,0.10427562815,L1,IH1711,2848.0
20171116,10001051.SH,510050C1711M03100,3.1,0.0002,0.0005,0.0002,0.0002,1803.0,3539.0,7380.0,10000,20171122,510050.SH,2.932,0.009,-0.049,0.347,0.009,0.0,0.0984930942789,0.100736860623,0.0878558752231,0.0927065463979,0.104994867489,0.114447129406,0.108998025753,0.104709597703,L1,IH1711,2879.6
20171117,10001051.SH,510050C1711M03100,3.1,0.0004,0.0009,0.0001,0.0007,4446.0,5891.0,21522.0,10000,20171122,510050.SH,2.99,0.033,-0.156,1.264,0.026,0.001,0.127276819005,0.113115088762,0.100259905666,0.0993095365014,0.108911436876,0.117140239553,0.111411000929,0.106844172557,L1,IH1711,2905.8
20171120,10001051.SH,510050C1711M03100,3.1,0.0008,0.0009,0.0001,0.0002,5483.0,6619.0,15766.0,10000,20171122,510050.SH,2.996,0.01,-0.103,0.597,0.006,0.0,0.121656254757,0.112683965183,0.0988907132397,0.0991984599191,0.108736896129,0.110409769481,0.111336860885,0.106349861981,L1,,
20171121,10001051.SH,510050C1711M03100,3.1,0.0001,0.0054,0.0001,0.0012,37795.0,14722.0,808585.0,10000,20171122,510050.SH,3.046,0.071,-0.9,3.754,0.022,0.001,0.131186574812,0.121370694869,0.105352838296,0.102291000542,0.110352695154,0.112327926722,0.11280183469,0.107802412832,L1,,
20171122,10001051.SH,510050C1711M03100,3.1,0.0033,0.0069,0.0001,0.0001,40278.0,19100.0,1362776.0,10000,20171122,510050.SH,3.067,,,,,,0.126858172013,0.119979283543,0.10559342754,0.102257664653,0.110422013476,0.11253127398,0.112416640233,0.107976104829,L1,,
