日期,合约编码,交易代码,执行价,开盘价,最高价,最低价,收盘价,成交量,持仓量,成交额,合约单位,到期日,标的代码,标的收盘价,Delta,Theta,Gamma,Vega,Rho,hv10,hv20,hv30,hv60,hv90,hv120,hv150,hv180,连续标志,期货代码,期货收盘
20171218,10001134.SH,510050P1712M02700,2.7,0.0017,0.002,0.001,0.0011,2624.0,1161.0,35702.0,10000,20171227,510050.SH,2.828,-0.033,-0.108,1.019,0.033,-0.002,0.189646979476,0.195324076778,0.182383124934,0.139373183466,0.130231372253,0.129336257464,0.131375000604,0.122824655219,L1,,
20171219,10001134.SH,510050P1712M02700,2.7,0.0018,0.0018,0.0004,0.0005,2391.0,1342.0,14141.0,10000,20171227,510050.SH,2.87,-0.016,-0.074,0.481,0.017,-0.001,0.183182927465,0.193120320931,0.184495881568,0.141990795401,0.132278486233,0.130764580371,0.131279094106,0.123781002513,L1,,
20171220,10001134.SH,510050P1712M02700,2.7,0.0005,0.0006,0.0002,0.0003,2887.0,1612.0,10633.0,10000,20171227,510050.SH,2.876,-0.009,-0.049,0.312,0.01,-0.001,0.172398695675,0.190716212297,0.184593673129,0.141951248263,0.131710612499,0.130366697136,0.131282127853,0.123765274539,L1,,
20171221,10001134.SH,510050P1712M02700,2.7,0.0002,0.0003,0.0002,0.0003,251.0,1857.0,553.0,10000,20171227,510050.SH,2.893,-0.008,-0.055,0.261,0.008,0.0,0.165765160559,0.175276893005,0.185042967494,0.142165474861,0.13177809246,0.130304571131,0.131408995075,0.123753099259,L1,,
20171222,10001134.SH,510050P1712M02700,2.7,0.0003,0.0003,0.0001,0.0003,28.0,1859.0,57.0,10000,20171227,510050.SH,2.878,-0.007,-0.057,0.269,0.007,0.0,0.165767763858,0.175622624715,0.182581701124,0.142702059946,0.129183338854,0.130495221721,0.131029957252,0.123867271454,L1,,
20171225,10001134.SH,510050P1712M02700,2.7,0.0002,0.0003,0.0001,0.0003,342.0,1877.0,570.0,10000,20171227,510050.SH,2.876,-0.007,-0.133,0.263,0.004,0.0,0.154480341668,0.174200330929,0.182225461497,0.142726590797,0.128642972865,0.130147882749,0.130916503076,0.123348960482,L1,,
20171226,10001134.SH,510050P1712M02700,2.7,0.0001,0.0002,0.0001,0.0002,284.0,2018.0,426.0,10000,20171227,510050.SH,2.893,-0.004,-0.176,0.165,0.002,0.0,0.124167810722,0.155327458836,0.182625164031,0.143081467627,0.128626038236,0.129518182454,0.131040344917,0.123476606944,L1,,
20171227,10001134.SH,510050P1712M02700,2.7,0.0001,0.0002,0.0001,0.0001,357.0,2107.0,433.0,10000,20171227,510050.SH,2.834,,,,,,0.158840864987,0.170986118164,0.191347784219,0.148608706993,0.133156729503,0.13117882495,0.133731363207,0.126004635737,L1,,
