日期,合约编码,交易代码,执行价,开盘价,最高价,最低价,收盘价,成交量,持仓量,成交额,合约单位,到期日,标的代码,标的收盘价,Delta,Theta,Gamma,Vega,Rho,hv10,hv20,hv30,hv60,hv90,hv120,hv150,hv180,连续标志,期货代码,期货收盘
20171120,10001060.SH,510050P1711M03200,3.2,0.2193,0.2451,0.2063,0.2071,3207.0,898.0,7284442.0,10000,20171122,510050.SH,2.996,-0.936,-1.365,0.981,0.028,-0.017,0.121656254757,0.112683965183,0.0988907132397,0.0991984599191,0.108736896129,0.110409769481,0.111336860885,0.106349861981,L1,,
20171121,10001060.SH,510050P1711M03200,3.2,0.208,0.213,0.1282,0.1552,5164.0,1090.0,8001751.0,10000,20171122,510050.SH,3.046,-0.959,-1.276,1.025,0.014,-0.008,0.131186574812,0.121370694869,0.105352838296,0.102291000542,0.110352695154,0.112327926722,0.11280183469,0.107802412832,L1,,
20171122,10001060.SH,510050P1711M03200,3.2,0.1545,0.1545,0.1047,0.1374,6404.0,2279.0,7881625.0,10000,20171122,510050.SH,3.067,,,,,,0.126858172013,0.119979283543,0.10559342754,0.102257664653,0.110422013476,0.11253127398,0.112416640233,0.107976104829,L1,,
