日期,合约编码,交易代码,执行价,开盘价,最高价,最低价,收盘价,成交量,持仓量,成交额,合约单位,到期日,标的代码,标的收盘价,Delta,Theta,Gamma,Vega,Rho,hv10,hv20,hv30,hv60,hv90,hv120,hv150,hv180,连续标志,期货代码,期货收盘
20170420,10000882.SH,510050P1704M02200,2.2,0.0003,0.0004,0.0002,0.0002,1486.0,856.0,3726.0,10000,20170426,510050.SH,2.331,-0.01,-0.045,0.444,0.008,0.0,0.0583068797566,0.078641929397,0.0803443762739,0.0781292524687,0.0909593182778,0.0954814207755,0.0958712982704,0.101960237698,L1,IH1704,2332.6
20170421,10000882.SH,510050P1704M02200,2.2,0.0003,0.0004,0.0001,0.0001,1444.0,1724.0,3478.0,10000,20170426,510050.SH,2.341,-0.003,-0.018,0.173,0.003,0.0,0.066035929291,0.0761680636512,0.0813852799069,0.0775256931212,0.0911975367113,0.095619964597,0.0958299305408,0.101483180299,L1,IH1704,2339.8
20170424,10000882.SH,510050P1704M02200,2.2,0.0001,0.0002,0.0001,0.0001,698.0,2122.0,953.0,10000,20170426,510050.SH,2.336,-0.001,-0.011,0.06,0.0,0.0,0.0657873644175,0.0755407033278,0.0803201891159,0.0771626423336,0.0911121349666,0.0955391953018,0.0958744694926,0.101523918574,L1,,
20170425,10000882.SH,510050P1704M02200,2.2,0.0001,0.0002,0.0001,0.0001,682.0,2657.0,683.0,10000,20170426,510050.SH,2.342,-0.009,-0.263,0.377,0.003,0.0,0.0684722968428,0.0694446574549,0.0800538690918,0.076237623339,0.0911468229207,0.0955250769942,0.0958718737961,0.100683297454,L1,,
20170426,10000882.SH,510050P1704M02200,2.2,0.0001,0.0001,0.0001,0.0001,53.0,2694.0,53.0,10000,20170426,510050.SH,2.339,,,,,,0.0684758821133,0.0693668056224,0.0761897994911,0.0762743146327,0.0881766850576,0.0955402189246,0.0958676648853,0.100482020118,L1,,
