日期,合约编码,交易代码,执行价,开盘价,最高价,最低价,收盘价,成交量,持仓量,成交额,合约单位,到期日,标的代码,标的收盘价,Delta,Theta,Gamma,Vega,Rho,hv10,hv20,hv30,hv60,hv90,hv120,hv150,hv180,连续标志,期货代码,期货收盘
20171114,10001052.SH,510050P1711M03100,3.1,0.1714,0.1849,0.1648,0.1816,1848.0,715.0,3264444.0,10000,20171122,510050.SH,2.913,-0.955,-0.137,0.9,0.041,-0.065,0.0874030001393,0.0959137665211,0.0871175995645,0.0910930775549,0.106559083504,0.114791986423,0.108283788286,0.104100022708,L1,IH1711,2862.8
20171115,10001052.SH,510050P1711M03100,3.1,0.1863,0.1978,0.1828,0.1964,2737.0,1530.0,5271354.0,10000,20171122,510050.SH,2.901,-0.962,-0.143,0.778,0.033,-0.057,0.0890951473854,0.0958943764392,0.0846303156244,0.091085348987,0.103892739271,0.114787817278,0.108493248644,0.10427562815,L1,IH1711,2848.0
20171116,10001052.SH,510050P1711M03100,3.1,0.199,0.2003,0.1653,0.1677,4157.0,1690.0,7411809.0,10000,20171122,510050.SH,2.932,-0.961,-0.145,0.924,0.032,-0.049,0.0984930942789,0.100736860623,0.0878558752231,0.0927065463979,0.104994867489,0.114447129406,0.108998025753,0.104709597703,L1,IH1711,2879.6
20171117,10001052.SH,510050P1711M03100,3.1,0.1691,0.172,0.119,0.1191,13002.0,3283.0,19773115.0,10000,20171122,510050.SH,2.99,-0.827,-0.961,2.302,0.089,-0.036,0.127276819005,0.113115088762,0.100259905666,0.0993095365014,0.108911436876,0.117140239553,0.111411000929,0.106844172557,L1,IH1711,2905.8
20171120,10001052.SH,510050P1711M03100,3.1,0.1219,0.1451,0.1058,0.1079,27241.0,3384.0,34698812.0,10000,20171122,510050.SH,2.996,-0.89,-1.324,2.291,0.042,-0.015,0.121656254757,0.112683965183,0.0988907132397,0.0991984599191,0.108736896129,0.110409769481,0.111336860885,0.106349861981,L1,,
20171121,10001052.SH,510050P1711M03100,3.1,0.1073,0.1132,0.0344,0.0558,48948.0,6625.0,27959780.0,10000,20171122,510050.SH,3.046,-0.898,-1.27,4.264,0.028,-0.008,0.131186574812,0.121370694869,0.105352838296,0.102291000542,0.110352695154,0.112327926722,0.11280183469,0.107802412832,L1,,
20171122,10001052.SH,510050P1711M03100,3.1,0.0416,0.0497,0.015,0.0349,45492.0,3269.0,13570591.0,10000,20171122,510050.SH,3.067,,,,,,0.126858172013,0.119979283543,0.10559342754,0.102257664653,0.110422013476,0.11253127398,0.112416640233,0.107976104829,L1,,
