日期,合约编码,交易代码,执行价,开盘价,最高价,最低价,收盘价,成交量,持仓量,成交额,合约单位,到期日,标的代码,标的收盘价,Delta,Theta,Gamma,Vega,Rho,hv10,hv20,hv30,hv60,hv90,hv120,hv150,hv180,连续标志,期货代码,期货收盘
20170720,10000961.SH,510050C1707M02800,2.8,0.0031,0.004,0.0014,0.0015,22810.0,12371.0,656892.0,10000,20170726,510050.SH,2.71,0.06,-0.208,2.145,0.042,0.003,0.116583065071,0.12015083929,0.122846106001,0.121488284692,0.110666147564,0.1031463318,0.105907165569,0.106022283615,L1,IH1707,2670.0
20170721,10000961.SH,510050C1707M02800,2.8,0.0016,0.0017,0.0004,0.0005,5530.0,11185.0,57258.0,10000,20170726,510050.SH,2.68,0.02,-0.103,0.867,0.015,0.001,0.138317133773,0.129477591289,0.128383669666,0.124522984179,0.112330503637,0.104361310808,0.10698751597,0.106859653753,L1,IH1707,2648.2
20170724,10000961.SH,510050C1707M02800,2.8,0.0003,0.0005,0.0003,0.0003,2041.0,10961.0,7641.0,10000,20170726,510050.SH,2.7,0.016,-0.164,0.872,0.008,0.0,0.139010260902,0.130447722411,0.128879432298,0.124740176536,0.112159408361,0.1047242119,0.106037671533,0.107133132018,L1,,
20170725,10000961.SH,510050C1707M02800,2.8,0.0003,0.0004,0.0001,0.0001,1621.0,10628.0,2640.0,10000,20170726,510050.SH,2.683,0.001,-0.018,0.076,0.0,0.0,0.143750457072,0.13411778396,0.130951370862,0.125960354867,0.112773407946,0.105241148233,0.105313141529,0.107438722406,L1,,
20170726,10000961.SH,510050C1707M02800,2.8,0.0001,0.0003,0.0001,0.0001,652.0,10370.0,784.0,10000,20170726,510050.SH,2.677,,,,,,0.143285659817,0.131566267567,0.1249030612,0.126033287774,0.112936812708,0.105346847858,0.10499470789,0.107400238076,L1,,
