日期,合约编码,交易代码,执行价,开盘价,最高价,最低价,收盘价,成交量,持仓量,成交额,合约单位,到期日,标的代码,标的收盘价,Delta,Theta,Gamma,Vega,Rho,hv10,hv20,hv30,hv60,hv90,hv120,hv150,hv180,连续标志,期货代码,期货收盘
20171120,10001059.SH,510050C1711M03200,3.2,0.0003,0.0003,0.0001,0.0001,1768.0,1397.0,2156.0,10000,20171122,510050.SH,2.996,0.0,-0.006,0.019,0.0,0.0,0.121656254757,0.112683965183,0.0988907132397,0.0991984599191,0.108736896129,0.110409769481,0.111336860885,0.106349861981,L1,,
20171121,10001059.SH,510050C1711M03200,3.2,0.0001,0.0003,0.0001,0.0001,1133.0,2284.0,1843.0,10000,20171122,510050.SH,3.046,0.007,-0.217,0.32,0.003,0.0,0.131186574812,0.121370694869,0.105352838296,0.102291000542,0.110352695154,0.112327926722,0.11280183469,0.107802412832,L1,,
20171122,10001059.SH,510050C1711M03200,3.2,0.0001,0.0003,0.0001,0.0001,714.0,2777.0,979.0,10000,20171122,510050.SH,3.067,,,,,,0.126858172013,0.119979283543,0.10559342754,0.102257664653,0.110422013476,0.11253127398,0.112416640233,0.107976104829,L1,,
