日期,合约编码,交易代码,执行价,开盘价,最高价,最低价,收盘价,成交量,持仓量,成交额,合约单位,到期日,标的代码,标的收盘价,Delta,Theta,Gamma,Vega,Rho,hv10,hv20,hv30,hv60,hv90,hv120,hv150,hv180,连续标志,期货代码,期货收盘
20170626,10000926.SH,510050P1706M02650,2.65,0.1064,0.1066,0.084,0.0931,3856.0,469.0,3562018.0,10000,20170628,510050.SH,2.554,-0.979,-0.131,1.085,0.009,-0.014,0.131675002769,0.118298172582,0.138227975395,0.109516992181,0.101396147771,0.0965174796056,0.103829719956,0.10336420953,L1,,
20170627,10000926.SH,510050P1706M02650,2.65,0.0963,0.1062,0.0838,0.0869,3115.0,894.0,3081257.0,10000,20170628,510050.SH,2.564,-0.942,-1.049,2.169,0.016,-0.007,0.131427161448,0.117900582093,0.133470562015,0.109350253178,0.101285859541,0.0960371946424,0.103786388489,0.102348066647,L1,,
20170628,10000926.SH,510050P1706M02650,2.65,0.0961,0.1021,0.0795,0.0988,1044.0,1014.0,948720.0,10000,20170628,510050.SH,2.548,,,,,,0.117141761952,0.121077241089,0.135823037412,0.110346925817,0.101939261952,0.0963332399384,0.104026295825,0.102636687342,L1,,
