日期,合约编码,交易代码,执行价,开盘价,最高价,最低价,收盘价,成交量,持仓量,成交额,合约单位,到期日,标的代码,标的收盘价,Delta,Theta,Gamma,Vega,Rho,hv10,hv20,hv30,hv60,hv90,hv120,hv150,hv180,连续标志,期货代码,期货收盘
20171218,10001133.SH,510050C1712M02700,2.7,0.125,0.1485,0.1237,0.132,807.0,363.0,1087623.0,10000,20171227,510050.SH,2.828,0.914,-0.388,1.594,0.07,0.06,0.189646979476,0.195324076778,0.182383124934,0.139373183466,0.130231372253,0.129336257464,0.131375000604,0.122824655219,L1,,
20171219,10001133.SH,510050C1712M02700,2.7,0.1339,0.171,0.1339,0.171,157.0,382.0,246958.0,10000,20171227,510050.SH,2.87,0.97,-0.221,0.709,0.029,0.057,0.183182927465,0.193120320931,0.184495881568,0.141990795401,0.132278486233,0.130764580371,0.131279094106,0.123781002513,L1,,
20171220,10001133.SH,510050C1712M02700,2.7,0.1718,0.1882,0.1626,0.1745,459.0,563.0,790111.0,10000,20171227,510050.SH,2.876,1.0,-0.079,0.0,0.0,0.052,0.172398695675,0.190716212297,0.184593673129,0.141951248263,0.131710612499,0.130366697136,0.131282127853,0.123765274539,L1,,
20171221,10001133.SH,510050C1712M02700,2.7,0.1749,0.2106,0.1651,0.1976,216.0,618.0,419059.0,10000,20171227,510050.SH,2.893,1.0,-0.079,0.0,0.0,0.044,0.165765160559,0.175276893005,0.185042967494,0.142165474861,0.13177809246,0.130304571131,0.131408995075,0.123753099259,L1,,
20171222,10001133.SH,510050C1712M02700,2.7,0.194,0.2016,0.1822,0.1822,86.0,641.0,167171.0,10000,20171227,510050.SH,2.878,0.955,-0.455,0.858,0.032,0.035,0.165767763858,0.175622624715,0.182581701124,0.142702059946,0.129183338854,0.130495221721,0.131029957252,0.123867271454,L1,,
20171225,10001133.SH,510050C1712M02700,2.7,0.1814,0.2135,0.168,0.1759,711.0,686.0,1398163.0,10000,20171227,510050.SH,2.876,1.0,-0.079,0.0,0.0,0.015,0.154480341668,0.174200330929,0.182225461497,0.142726590797,0.128642972865,0.130147882749,0.130916503076,0.123348960482,L1,,
20171226,10001133.SH,510050C1712M02700,2.7,0.1751,0.1936,0.1731,0.1895,250.0,672.0,457820.0,10000,20171227,510050.SH,2.893,1.0,-0.079,0.0,0.0,0.007,0.124167810722,0.155327458836,0.182625164031,0.143081467627,0.128626038236,0.129518182454,0.131040344917,0.123476606944,L1,,
20171227,10001133.SH,510050C1712M02700,2.7,0.1895,0.1895,0.11,0.1179,625.0,697.0,927625.0,10000,20171227,510050.SH,2.834,,,,,,0.158840864987,0.170986118164,0.191347784219,0.148608706993,0.133156729503,0.13117882495,0.133731363207,0.126004635737,L1,,
