日期,合约编码,交易代码,执行价,开盘价,最高价,最低价,收盘价,成交量,持仓量,成交额,合约单位,到期日,标的代码,标的收盘价,Delta,Theta,Gamma,Vega,Rho,hv10,hv20,hv30,hv60,hv90,hv120,hv150,hv180,连续标志,期货代码,期货收盘
20180117,10001196.SH,510050P1801M03500,3.5,0.4278,0.4372,0.3745,0.4211,1018.0,331.0,4242976.0,10000,20180124,510050.SH,3.071,-0.974,-0.213,0.295,0.025,-0.066,0.0529960863176,0.114616976445,0.142301896345,0.153217474166,0.131137434305,0.128404843487,0.128647936174,0.127511859885,L1,IH1801,3079.0
20180118,10001196.SH,510050P1801M03500,3.5,0.4203,0.4203,0.3773,0.3928,822.0,371.0,3240568.0,10000,20180124,510050.SH,3.106,-0.977,-0.203,0.299,0.022,-0.056,0.0577821461175,0.117753186571,0.138053558325,0.154354962496,0.131588818545,0.129126017583,0.12812860728,0.12796390126,L1,IH1801,3114.6
20180119,10001196.SH,510050P1801M03500,3.5,0.392,0.3982,0.3604,0.3894,1592.0,448.0,5950846.0,10000,20180124,510050.SH,3.113,-0.962,-0.504,0.409,0.03,-0.046,0.0607308148882,0.117628356305,0.133438601867,0.153665206627,0.130761845437,0.129121676037,0.127684130158,0.127833363233,L1,IH1801,3123.6
20180122,10001196.SH,510050P1801M03500,3.5,0.3902,0.3902,0.3629,0.3694,1429.0,604.0,5357695.0,10000,20180124,510050.SH,3.129,-0.988,-0.325,0.2,0.007,-0.019,0.0597489893526,0.113116016164,0.132982249589,0.150960402783,0.130791688041,0.129238309859,0.127681238182,0.127784567951,L1,,
20180123,10001196.SH,510050P1801M03500,3.5,0.3686,0.3686,0.3304,0.3304,1246.0,553.0,4283808.0,10000,20180124,510050.SH,3.173,-0.961,-2.586,0.487,0.014,-0.009,0.0704805785251,0.116510061085,0.13450671778,0.152586582334,0.132168614812,0.1304821714,0.127523517803,0.12850058228,L1,,
20180124,10001196.SH,510050P1801M03500,3.5,0.3188,0.3482,0.3077,0.332,461.0,560.0,1482956.0,10000,20180124,510050.SH,3.172,,,,,,0.0775503100435,0.117839227383,0.11988241124,0.152272789589,0.13202566046,0.128921923921,0.12721330042,0.128403284641,L1,,
