日期,合约编码,交易代码,执行价,开盘价,最高价,最低价,收盘价,成交量,持仓量,成交额,合约单位,到期日,标的代码,标的收盘价,Delta,Theta,Gamma,Vega,Rho,hv10,hv20,hv30,hv60,hv90,hv120,hv150,hv180,连续标志,期货代码,期货收盘
20180124,10001204.SH,510050P1801M03600,3.6,0.4087,0.4549,0.4087,0.4245,152.0,40.0,645170.0,10000,20180124,510050.SH,3.172,,,,,,0.0775503100435,0.117839227383,0.11988241124,0.152272789589,0.13202566046,0.128921923921,0.12721330042,0.128403284641,L1,,
